person_id,person_income,person_home_ownership,person_emp_length,loan_intent,loan_grade,loan_amnt,loan_int_rate,loan_percent_income,cb_person_default_on_file,cb_person_cred_hist_length,customer_id,age,gender,education_level,location_type,employment_type,estimated_monthly_income,mobile_tenure_months,monthly_airtime_spend,monthly_data_usage_gb,avg_calls_per_day,avg_sms_per_day,avg_call_duration_mins,network_stability_score,digital_wallet_usage,monthly_digital_transactions,avg_transaction_amount,online_purchases_per_month,avg_online_spend,social_media_activity_score,social_network_size,mobile_banking_user,digital_loan_history,digital_engagement_score,financial_inclusion_score,employment_status,income_level,monthly_income,region,electricity_bill_avg,water_bill_avg,gas_bill_avg,total_utility_expense,utility_to_income_ratio,on_time_payments_12m,late_payments_12m,avg_delay_days,disconnection_count,payment_method,credit_risk_score,credit_risk_category,target
874,50580.296,3,19.958,5,7,21068.998,15.33908,0.325986,1,16.026,272,33.0,1,1,0,2,546.0,42.0,40.15,1.96,6.0,14.0,2.64,74.0,1.0,14.0,97.33,2.0,72.48,50.0,165.0,1.0,1.0,56.0,802.0,4,3,3973.264,2,102.74743999999998,39.8,51.1794,193.72684,5.96652,8.632,3.368,4.152,0.16,5,707.208,3,0
904,50580.296,3,19.958,5,7,21068.998,15.33908,0.325986,1,16.026,488,18.0,0,0,1,1,266.0,30.0,82.33,0.94,7.0,15.0,2.88,36.0,0.0,0.0,0.0,6.0,90.71,39.0,149.0,0.0,0.0,19.0,300.0,4,3,3973.264,2,102.74743999999998,39.8,51.1794,193.72684,5.96652,8.632,3.368,4.152,0.16,5,707.208,3,0
908,50580.296,3,19.958,5,7,21068.998,15.33908,0.325986,1,16.026,491,27.0,1,1,3,2,327.0,25.0,31.83,0.9,8.0,13.0,11.8,74.0,0.0,0.0,0.0,3.0,56.43,39.0,135.0,0.0,0.0,15.0,469.0,4,3,3973.264,2,102.74743999999998,39.8,51.1794,193.72684,5.96652,8.632,3.368,4.152,0.16,5,707.208,3,0
819,50580.296,3,19.958,5,7,21068.998,15.33908,0.325986,1,16.026,411,28.0,0,1,3,1,312.0,25.0,19.19,5.35,11.0,15.0,1.11,78.0,1.0,15.0,29.57,3.0,49.38,64.0,156.0,1.0,0.0,57.0,596.0,4,3,3973.264,2,102.74743999999998,39.8,51.1794,193.72684,5.96652,8.632,3.368,4.152,0.16,5,707.208,3,0
348,27507.0,2,33.0,4,0,20991.0,9.5,0.463,0,18.0,250,33.278,2,3,2,4,327.26,24.08,30.10496,3.2174399999999994,8.052,11.896,5.949559999999999,74.584,0.748,11.328,35.1548,3.124,80.10556,48.468,151.5,0.624,0.34,43.112,566.204,4,3,3973.264,2,102.74743999999998,39.8,51.1794,193.72684,5.96652,8.632,3.368,4.152,0.16,5,707.208,3,0
838,50580.296,3,19.958,5,7,21068.998,15.33908,0.325986,1,16.026,429,18.0,0,0,3,1,289.0,20.0,27.84,5.78,9.0,14.0,15.21,63.0,0.0,0.0,0.0,1.0,256.5,83.0,139.0,1.0,0.0,36.0,422.0,4,3,3973.264,2,102.74743999999998,39.8,51.1794,193.72684,5.96652,8.632,3.368,4.152,0.16,5,707.208,3,0
781,50580.296,3,19.958,5,7,21068.998,15.33908,0.325986,1,16.026,377,19.0,1,1,3,0,373.0,26.0,26.17,4.92,7.0,4.0,3.34,100.0,1.0,12.0,45.63,2.0,128.91,63.0,156.0,1.0,0.0,54.0,742.0,4,3,3973.264,2,102.74743999999998,39.8,51.1794,193.72684,5.96652,8.632,3.368,4.152,0.16,5,707.208,3,0
785,50580.296,3,19.958,5,7,21068.998,15.33908,0.325986,1,16.026,264,26.0,1,1,1,1,126.0,26.0,9.32,2.47,10.0,16.0,4.4,46.0,1.0,18.0,13.63,1.0,33.31,32.0,155.0,0.0,0.0,37.0,326.0,4,3,3973.264,2,102.74743999999998,39.8,51.1794,193.72684,5.96652,8.632,3.368,4.152,0.16,5,707.208,3,0
512,50580.296,3,19.958,5,7,21068.998,15.33908,0.325986,1,16.026,109,34.0,0,3,2,4,327.26,24.08,30.10496,3.2174399999999994,8.052,11.896,5.949559999999999,74.584,0.748,11.328,35.1548,3.124,80.10556,48.468,151.5,0.624,0.34,43.112,566.204,2,1,2516.0,3,113.0,92.55,40.35,245.9,9.77,2.0,10.0,1.0,0.0,0,372.0,0,0
42,34334.0,2,8.0,0,0,6355.0,23.79,0.5,0,19.0,250,33.278,2,3,2,4,327.26,24.08,30.10496,3.2174399999999994,8.052,11.896,5.949559999999999,74.584,0.748,11.328,35.1548,3.124,80.10556,48.468,151.5,0.624,0.34,43.112,566.204,4,3,3973.264,2,102.74743999999998,39.8,51.1794,193.72684,5.96652,8.632,3.368,4.152,0.16,5,707.208,3,0
708,50580.296,3,19.958,5,7,21068.998,15.33908,0.325986,1,16.026,61,32.0,0,3,2,4,327.26,24.08,30.10496,3.2174399999999994,8.052,11.896,5.949559999999999,74.584,0.748,11.328,35.1548,3.124,80.10556,48.468,151.5,0.624,0.34,43.112,566.204,0,2,5024.0,3,79.26,20.34,20.44,120.04,2.39,7.0,5.0,9.0,0.0,4,718.0,1,0
474,51740.0,2,34.0,6,0,13237.0,20.62,0.136,2,8.0,250,33.278,2,3,2,4,327.26,24.08,30.10496,3.2174399999999994,8.052,11.896,5.949559999999999,74.584,0.748,11.328,35.1548,3.124,80.10556,48.468,151.5,0.624,0.34,43.112,566.204,4,3,3973.264,2,102.74743999999998,39.8,51.1794,193.72684,5.96652,8.632,3.368,4.152,0.16,5,707.208,3,0
792,50580.296,3,19.958,5,7,21068.998,15.33908,0.325986,1,16.026,387,18.0,0,2,1,0,286.0,16.0,28.9,2.59,8.0,13.0,5.92,100.0,0.0,0.0,0.0,2.0,77.42,69.0,145.0,1.0,0.0,33.0,616.0,4,3,3973.264,2,102.74743999999998,39.8,51.1794,193.72684,5.96652,8.632,3.368,4.152,0.16,5,707.208,3,0
639,50580.296,3,19.958,5,7,21068.998,15.33908,0.325986,1,16.026,223,18.0,1,3,2,4,327.26,24.08,30.10496,3.2174399999999994,8.052,11.896,5.949559999999999,74.584,0.748,11.328,35.1548,3.124,80.10556,48.468,151.5,0.624,0.34,43.112,566.204,2,0,8181.0,3,69.85,29.34,28.8,127.99,1.56,12.0,0.0,0.0,0.0,1,850.0,1,0
599,50580.296,3,19.958,5,7,21068.998,15.33908,0.325986,1,16.026,188,24.0,0,3,2,4,327.26,24.08,30.10496,3.2174399999999994,8.052,11.896,5.949559999999999,74.584,0.748,11.328,35.1548,3.124,80.10556,48.468,151.5,0.624,0.34,43.112,566.204,0,1,3219.0,3,57.87,31.29,23.69,112.85,3.51,6.0,6.0,2.0,0.0,4,624.0,2,0
556,50580.296,3,19.958,5,7,21068.998,15.33908,0.325986,1,16.026,149,38.0,0,3,2,4,327.26,24.08,30.10496,3.2174399999999994,8.052,11.896,5.949559999999999,74.584,0.748,11.328,35.1548,3.124,80.10556,48.468,151.5,0.624,0.34,43.112,566.204,1,1,2899.0,3,101.81,36.09,54.38,192.28,6.63,7.0,5.0,1.0,0.0,2,634.0,2,0
202,52270.0,2,35.0,1,1,25272.0,10.35,0.053,0,4.0,250,33.278,2,3,2,4,327.26,24.08,30.10496,3.2174399999999994,8.052,11.896,5.949559999999999,74.584,0.748,11.328,35.1548,3.124,80.10556,48.468,151.5,0.624,0.34,43.112,566.204,4,3,3973.264,2,102.74743999999998,39.8,51.1794,193.72684,5.96652,8.632,3.368,4.152,0.16,5,707.208,3,0
539,50580.296,3,19.958,5,7,21068.998,15.33908,0.325986,1,16.026,133,40.0,1,3,2,4,327.26,24.08,30.10496,3.2174399999999994,8.052,11.896,5.949559999999999,74.584,0.748,11.328,35.1548,3.124,80.10556,48.468,151.5,0.624,0.34,43.112,566.204,0,0,7590.0,1,191.3,49.14,69.03,309.47,4.08,12.0,0.0,0.0,0.0,0,850.0,1,0
513,50580.296,3,19.958,5,7,21068.998,15.33908,0.325986,1,16.026,11,29.0,1,3,2,4,327.26,24.08,30.10496,3.2174399999999994,8.052,11.896,5.949559999999999,74.584,0.748,11.328,35.1548,3.124,80.10556,48.468,151.5,0.624,0.34,43.112,566.204,0,1,2222.0,0,231.82,93.77,71.85,397.44,17.89,8.0,4.0,5.0,0.0,4,624.0,2,0
245,47397.0,2,29.0,1,0,32312.0,20.05,0.058,0,24.0,250,33.278,2,3,2,4,327.26,24.08,30.10496,3.2174399999999994,8.052,11.896,5.949559999999999,74.584,0.748,11.328,35.1548,3.124,80.10556,48.468,151.5,0.624,0.34,43.112,566.204,4,3,3973.264,2,102.74743999999998,39.8,51.1794,193.72684,5.96652,8.632,3.368,4.152,0.16,5,707.208,3,0
944,50580.296,3,19.958,5,7,21068.998,15.33908,0.325986,1,16.026,300,47.0,1,0,3,0,415.0,28.0,18.63,4.68,12.0,4.0,4.91,64.0,1.0,19.0,77.81,2.0,67.27,60.0,162.0,0.0,0.0,44.0,614.0,4,3,3973.264,2,102.74743999999998,39.8,51.1794,193.72684,5.96652,8.632,3.368,4.152,0.16,5,707.208,3,0
84,55533.0,2,31.0,4,3,9016.0,11.66,0.079,0,9.0,250,33.278,2,3,2,4,327.26,24.08,30.10496,3.2174399999999994,8.052,11.896,5.949559999999999,74.584,0.748,11.328,35.1548,3.124,80.10556,48.468,151.5,0.624,0.34,43.112,566.204,4,3,3973.264,2,102.74743999999998,39.8,51.1794,193.72684,5.96652,8.632,3.368,4.152,0.16,5,707.208,3,0
303,59959.0,0,4.0,3,1,33598.0,12.0,0.509,0,7.0,250,33.278,2,3,2,4,327.26,24.08,30.10496,3.2174399999999994,8.052,11.896,5.949559999999999,74.584,0.748,11.328,35.1548,3.124,80.10556,48.468,151.5,0.624,0.34,43.112,566.204,4,3,3973.264,2,102.74743999999998,39.8,51.1794,193.72684,5.96652,8.632,3.368,4.152,0.16,5,707.208,3,0
920,50580.296,3,19.958,5,7,21068.998,15.33908,0.325986,1,16.026,278,37.0,1,0,3,0,314.0,22.0,5.24,1.43,12.0,11.0,12.13,100.0,0.0,0.0,0.0,3.0,51.23,79.0,146.0,1.0,0.0,37.0,601.0,4,3,3973.264,2,102.74743999999998,39.8,51.1794,193.72684,5.96652,8.632,3.368,4.152,0.16,5,707.208,3,0
125,61417.0,0,10.0,4,0,21963.0,14.39,0.519,0,30.0,250,33.278,2,3,2,4,327.26,24.08,30.10496,3.2174399999999994,8.052,11.896,5.949559999999999,74.584,0.748,11.328,35.1548,3.124,80.10556,48.468,151.5,0.624,0.34,43.112,566.204,4,3,3973.264,2,102.74743999999998,39.8,51.1794,193.72684,5.96652,8.632,3.368,4.152,0.16,5,707.208,3,0
152,62678.0,2,18.0,2,1,8659.0,21.56,0.462,0,8.0,250,33.278,2,3,2,4,327.26,24.08,30.10496,3.2174399999999994,8.052,11.896,5.949559999999999,74.584,0.748,11.328,35.1548,3.124,80.10556,48.468,151.5,0.624,0.34,43.112,566.204,4,3,3973.264,2,102.74743999999998,39.8,51.1794,193.72684,5.96652,8.632,3.368,4.152,0.16,5,707.208,3,0
4,41587.0,0,4.0,4,3,32331.0,7.88,0.052,0,13.0,250,33.278,2,3,2,4,327.26,24.08,30.10496,3.2174399999999994,8.052,11.896,5.949559999999999,74.584,0.748,11.328,35.1548,3.124,80.10556,48.468,151.5,0.624,0.34,43.112,566.204,4,3,3973.264,2,102.74743999999998,39.8,51.1794,193.72684,5.96652,8.632,3.368,4.152,0.16,5,707.208,3,0
653,50580.296,3,19.958,5,7,21068.998,15.33908,0.325986,1,16.026,236,18.0,0,3,2,4,327.26,24.08,30.10496,3.2174399999999994,8.052,11.896,5.949559999999999,74.584,0.748,11.328,35.1548,3.124,80.10556,48.468,151.5,0.624,0.34,43.112,566.204,0,2,2703.0,3,84.71,12.65,6.55,103.91,3.84,12.0,0.0,0.0,0.0,0,850.0,1,0
560,50580.296,3,19.958,5,7,21068.998,15.33908,0.325986,1,16.026,152,26.0,0,3,2,4,327.26,24.08,30.10496,3.2174399999999994,8.052,11.896,5.949559999999999,74.584,0.748,11.328,35.1548,3.124,80.10556,48.468,151.5,0.624,0.34,43.112,566.204,0,2,3241.0,3,43.45,51.57,76.95,171.97,5.31,7.0,5.0,4.0,1.0,0,588.0,0,0
609,50580.296,3,19.958,5,7,21068.998,15.33908,0.325986,1,16.026,197,36.0,1,3,2,4,327.26,24.08,30.10496,3.2174399999999994,8.052,11.896,5.949559999999999,74.584,0.748,11.328,35.1548,3.124,80.10556,48.468,151.5,0.624,0.34,43.112,566.204,0,2,5570.0,3,50.03,25.83,72.12,147.98,2.66,10.0,2.0,5.0,0.0,2,803.0,1,0
275,21038.0,0,5.0,2,4,2196.0,9.63,0.359,0,24.0,250,33.278,2,3,2,4,327.26,24.08,30.10496,3.2174399999999994,8.052,11.896,5.949559999999999,74.584,0.748,11.328,35.1548,3.124,80.10556,48.468,151.5,0.624,0.34,43.112,566.204,4,3,3973.264,2,102.74743999999998,39.8,51.1794,193.72684,5.96652,8.632,3.368,4.152,0.16,5,707.208,3,0
45,25382.0,1,1.0,1,3,21456.0,17.34,0.332,0,22.0,250,33.278,2,3,2,4,327.26,24.08,30.10496,3.2174399999999994,8.052,11.896,5.949559999999999,74.584,0.748,11.328,35.1548,3.124,80.10556,48.468,151.5,0.624,0.34,43.112,566.204,4,3,3973.264,2,102.74743999999998,39.8,51.1794,193.72684,5.96652,8.632,3.368,4.152,0.16,5,707.208,3,1
776,50580.296,3,19.958,5,7,21068.998,15.33908,0.325986,1,16.026,372,32.0,0,0,0,2,425.0,26.0,51.03,10.96,2.0,21.0,10.77,55.0,0.0,0.0,0.0,2.0,8.91,13.0,137.0,0.0,1.0,9.0,432.0,4,3,3973.264,2,102.74743999999998,39.8,51.1794,193.72684,5.96652,8.632,3.368,4.152,0.16,5,707.208,3,0
444,22344.0,0,29.0,1,3,20456.0,7.2,0.195,2,9.0,250,33.278,2,3,2,4,327.26,24.08,30.10496,3.2174399999999994,8.052,11.896,5.949559999999999,74.584,0.748,11.328,35.1548,3.124,80.10556,48.468,151.5,0.624,0.34,43.112,566.204,4,3,3973.264,2,102.74743999999998,39.8,51.1794,193.72684,5.96652,8.632,3.368,4.152,0.16,5,707.208,3,0
302,50490.0,2,37.0,0,1,31099.0,15.42,0.136,0,8.0,250,33.278,2,3,2,4,327.26,24.08,30.10496,3.2174399999999994,8.052,11.896,5.949559999999999,74.584,0.748,11.328,35.1548,3.124,80.10556,48.468,151.5,0.624,0.34,43.112,566.204,4,3,3973.264,2,102.74743999999998,39.8,51.1794,193.72684,5.96652,8.632,3.368,4.152,0.16,5,707.208,3,0
110,51164.0,2,5.0,4,2,6818.0,21.67,0.312,0,13.0,250,33.278,2,3,2,4,327.26,24.08,30.10496,3.2174399999999994,8.052,11.896,5.949559999999999,74.584,0.748,11.328,35.1548,3.124,80.10556,48.468,151.5,0.624,0.34,43.112,566.204,4,3,3973.264,2,102.74743999999998,39.8,51.1794,193.72684,5.96652,8.632,3.368,4.152,0.16,5,707.208,3,0
848,50580.296,3,19.958,5,7,21068.998,15.33908,0.325986,1,16.026,438,32.0,1,1,0,0,342.0,17.0,16.72,0.36,6.0,14.0,6.32,70.0,1.0,18.0,14.21,0.0,102.68,39.0,150.0,0.0,1.0,36.0,558.0,4,3,3973.264,2,102.74743999999998,39.8,51.1794,193.72684,5.96652,8.632,3.368,4.152,0.16,5,707.208,3,0
983,50580.296,3,19.958,5,7,21068.998,15.33908,0.325986,1,16.026,335,34.0,0,0,0,1,241.0,25.0,49.63,2.75,8.0,21.0,15.16,84.0,1.0,20.0,34.02,1.0,65.51,45.0,150.0,0.0,0.0,41.0,474.0,4,3,3973.264,2,102.74743999999998,39.8,51.1794,193.72684,5.96652,8.632,3.368,4.152,0.16,5,707.208,3,0
559,50580.296,3,19.958,5,7,21068.998,15.33908,0.325986,1,16.026,151,39.0,0,3,2,4,327.26,24.08,30.10496,3.2174399999999994,8.052,11.896,5.949559999999999,74.584,0.748,11.328,35.1548,3.124,80.10556,48.468,151.5,0.624,0.34,43.112,566.204,0,2,3814.0,0,72.54,44.9,35.62,153.06,4.01,12.0,0.0,0.0,0.0,2,807.0,1,0
455,69510.0,0,34.0,6,3,2589.0,13.23,0.418,0,15.0,250,33.278,2,3,2,4,327.26,24.08,30.10496,3.2174399999999994,8.052,11.896,5.949559999999999,74.584,0.748,11.328,35.1548,3.124,80.10556,48.468,151.5,0.624,0.34,43.112,566.204,4,3,3973.264,2,102.74743999999998,39.8,51.1794,193.72684,5.96652,8.632,3.368,4.152,0.16,5,707.208,3,0
255,62482.0,1,27.0,0,2,9155.0,13.09,0.096,0,14.0,250,33.278,2,3,2,4,327.26,24.08,30.10496,3.2174399999999994,8.052,11.896,5.949559999999999,74.584,0.748,11.328,35.1548,3.124,80.10556,48.468,151.5,0.624,0.34,43.112,566.204,4,3,3973.264,2,102.74743999999998,39.8,51.1794,193.72684,5.96652,8.632,3.368,4.152,0.16,5,707.208,3,0
496,55922.0,2,15.0,2,2,6738.0,15.34,0.136,0,11.0,250,33.278,2,3,2,4,327.26,24.08,30.10496,3.2174399999999994,8.052,11.896,5.949559999999999,74.584,0.748,11.328,35.1548,3.124,80.10556,48.468,151.5,0.624,0.34,43.112,566.204,4,3,3973.264,2,102.74743999999998,39.8,51.1794,193.72684,5.96652,8.632,3.368,4.152,0.16,5,707.208,3,0
238,66508.0,1,2.0,0,2,19793.0,13.16,0.454,0,7.0,250,33.278,2,3,2,4,327.26,24.08,30.10496,3.2174399999999994,8.052,11.896,5.949559999999999,74.584,0.748,11.328,35.1548,3.124,80.10556,48.468,151.5,0.624,0.34,43.112,566.204,4,3,3973.264,2,102.74743999999998,39.8,51.1794,193.72684,5.96652,8.632,3.368,4.152,0.16,5,707.208,3,0
640,50580.296,3,19.958,5,7,21068.998,15.33908,0.325986,1,16.026,224,29.0,1,3,2,4,327.26,24.08,30.10496,3.2174399999999994,8.052,11.896,5.949559999999999,74.584,0.748,11.328,35.1548,3.124,80.10556,48.468,151.5,0.624,0.34,43.112,566.204,0,0,6260.0,3,66.71,26.85,19.51,113.07,1.81,10.0,2.0,6.0,0.0,0,788.0,1,0
222,62592.0,2,27.0,2,1,1619.0,23.66,0.109,0,22.0,250,33.278,2,3,2,4,327.26,24.08,30.10496,3.2174399999999994,8.052,11.896,5.949559999999999,74.584,0.748,11.328,35.1548,3.124,80.10556,48.468,151.5,0.624,0.34,43.112,566.204,4,3,3973.264,2,102.74743999999998,39.8,51.1794,193.72684,5.96652,8.632,3.368,4.152,0.16,5,707.208,3,0
198,37995.0,2,34.0,4,3,28882.0,11.22,0.297,0,16.0,250,33.278,2,3,2,4,327.26,24.08,30.10496,3.2174399999999994,8.052,11.896,5.949559999999999,74.584,0.748,11.328,35.1548,3.124,80.10556,48.468,151.5,0.624,0.34,43.112,566.204,4,3,3973.264,2,102.74743999999998,39.8,51.1794,193.72684,5.96652,8.632,3.368,4.152,0.16,5,707.208,3,0
584,50580.296,3,19.958,5,7,21068.998,15.33908,0.325986,1,16.026,174,38.0,0,3,2,4,327.26,24.08,30.10496,3.2174399999999994,8.052,11.896,5.949559999999999,74.584,0.748,11.328,35.1548,3.124,80.10556,48.468,151.5,0.624,0.34,43.112,566.204,1,1,3045.0,3,160.88,13.21,51.63,225.72,7.41,12.0,0.0,0.0,0.0,3,850.0,1,0
754,50580.296,3,19.958,5,7,21068.998,15.33908,0.325986,1,16.026,352,23.0,0,0,1,1,275.0,15.0,25.03,3.98,5.0,10.0,3.43,71.0,0.0,0.0,0.0,4.0,145.52,74.0,142.0,1.0,1.0,36.0,419.0,4,3,3973.264,2,102.74743999999998,39.8,51.1794,193.72684,5.96652,8.632,3.368,4.152,0.16,5,707.208,3,0
378,48889.0,2,31.0,0,4,13251.0,19.72,0.269,0,1.0,250,33.278,2,3,2,4,327.26,24.08,30.10496,3.2174399999999994,8.052,11.896,5.949559999999999,74.584,0.748,11.328,35.1548,3.124,80.10556,48.468,151.5,0.624,0.34,43.112,566.204,4,3,3973.264,2,102.74743999999998,39.8,51.1794,193.72684,5.96652,8.632,3.368,4.152,0.16,5,707.208,3,1
736,50580.296,3,19.958,5,7,21068.998,15.33908,0.325986,1,16.026,87,38.0,1,3,2,4,327.26,24.08,30.10496,3.2174399999999994,8.052,11.896,5.949559999999999,74.584,0.748,11.328,35.1548,3.124,80.10556,48.468,151.5,0.624,0.34,43.112,566.204,0,2,5300.0,3,34.42,21.03,33.11,88.56,1.67,10.0,2.0,5.0,0.0,4,697.0,2,0
968,50580.296,3,19.958,5,7,21068.998,15.33908,0.325986,1,16.026,321,30.0,1,1,1,1,271.0,37.0,12.42,1.79,7.0,16.0,6.39,70.0,1.0,14.0,65.89,0.0,167.04,35.0,178.0,1.0,1.0,50.0,554.0,4,3,3973.264,2,102.74743999999998,39.8,51.1794,193.72684,5.96652,8.632,3.368,4.152,0.16,5,707.208,3,0
534,50580.296,3,19.958,5,7,21068.998,15.33908,0.325986,1,16.026,129,28.0,0,3,2,4,327.26,24.08,30.10496,3.2174399999999994,8.052,11.896,5.949559999999999,74.584,0.748,11.328,35.1548,3.124,80.10556,48.468,151.5,0.624,0.34,43.112,566.204,2,1,2475.0,3,88.34,26.79,126.53,241.66,9.76,8.0,4.0,4.0,1.0,4,695.0,2,0
181,48809.0,2,35.0,4,0,28045.0,13.59,0.203,0,3.0,250,33.278,2,3,2,4,327.26,24.08,30.10496,3.2174399999999994,8.052,11.896,5.949559999999999,74.584,0.748,11.328,35.1548,3.124,80.10556,48.468,151.5,0.624,0.34,43.112,566.204,4,3,3973.264,2,102.74743999999998,39.8,51.1794,193.72684,5.96652,8.632,3.368,4.152,0.16,5,707.208,3,0
976,50580.296,3,19.958,5,7,21068.998,15.33908,0.325986,1,16.026,329,31.0,0,3,3,2,313.0,24.0,65.11,5.55,5.0,17.0,6.69,64.0,1.0,15.0,33.44,3.0,151.16,27.0,131.0,0.0,1.0,35.0,477.0,4,3,3973.264,2,102.74743999999998,39.8,51.1794,193.72684,5.96652,8.632,3.368,4.152,0.16,5,707.208,3,0
146,21505.0,2,33.0,0,2,19514.0,20.95,0.401,0,8.0,250,33.278,2,3,2,4,327.26,24.08,30.10496,3.2174399999999994,8.052,11.896,5.949559999999999,74.584,0.748,11.328,35.1548,3.124,80.10556,48.468,151.5,0.624,0.34,43.112,566.204,4,3,3973.264,2,102.74743999999998,39.8,51.1794,193.72684,5.96652,8.632,3.368,4.152,0.16,5,707.208,3,0
224,37965.0,0,9.0,2,1,13449.0,15.69,0.457,2,8.0,250,33.278,2,3,2,4,327.26,24.08,30.10496,3.2174399999999994,8.052,11.896,5.949559999999999,74.584,0.748,11.328,35.1548,3.124,80.10556,48.468,151.5,0.624,0.34,43.112,566.204,4,3,3973.264,2,102.74743999999998,39.8,51.1794,193.72684,5.96652,8.632,3.368,4.152,0.16,5,707.208,3,0
771,50580.296,3,19.958,5,7,21068.998,15.33908,0.325986,1,16.026,368,18.0,1,0,3,0,267.0,27.0,40.99,0.48,7.0,13.0,5.64,45.0,1.0,7.0,8.52,1.0,48.88,66.0,163.0,1.0,0.0,50.0,494.0,4,3,3973.264,2,102.74743999999998,39.8,51.1794,193.72684,5.96652,8.632,3.368,4.152,0.16,5,707.208,3,0
2,40731.0,2,13.0,0,0,12528.0,7.38,0.162,0,13.0,250,33.278,2,3,2,4,327.26,24.08,30.10496,3.2174399999999994,8.052,11.896,5.949559999999999,74.584,0.748,11.328,35.1548,3.124,80.10556,48.468,151.5,0.624,0.34,43.112,566.204,4,3,3973.264,2,102.74743999999998,39.8,51.1794,193.72684,5.96652,8.632,3.368,4.152,0.16,5,707.208,3,0
137,23456.0,2,17.0,6,1,28233.0,23.85,0.557,0,12.0,250,33.278,2,3,2,4,327.26,24.08,30.10496,3.2174399999999994,8.052,11.896,5.949559999999999,74.584,0.748,11.328,35.1548,3.124,80.10556,48.468,151.5,0.624,0.34,43.112,566.204,4,3,3973.264,2,102.74743999999998,39.8,51.1794,193.72684,5.96652,8.632,3.368,4.152,0.16,5,707.208,3,0
718,50580.296,3,19.958,5,7,21068.998,15.33908,0.325986,1,16.026,70,39.0,1,3,2,4,327.26,24.08,30.10496,3.2174399999999994,8.052,11.896,5.949559999999999,74.584,0.748,11.328,35.1548,3.124,80.10556,48.468,151.5,0.624,0.34,43.112,566.204,2,1,2473.0,1,84.34,12.47,51.57,148.38,6.0,7.0,5.0,2.0,0.0,1,593.0,0,0
219,67991.0,2,5.0,6,2,39870.0,23.9,0.467,0,25.0,250,33.278,2,3,2,4,327.26,24.08,30.10496,3.2174399999999994,8.052,11.896,5.949559999999999,74.584,0.748,11.328,35.1548,3.124,80.10556,48.468,151.5,0.624,0.34,43.112,566.204,4,3,3973.264,2,102.74743999999998,39.8,51.1794,193.72684,5.96652,8.632,3.368,4.152,0.16,5,707.208,3,0
450,70619.0,1,17.0,2,3,8190.0,8.26,0.477,0,13.0,250,33.278,2,3,2,4,327.26,24.08,30.10496,3.2174399999999994,8.052,11.896,5.949559999999999,74.584,0.748,11.328,35.1548,3.124,80.10556,48.468,151.5,0.624,0.34,43.112,566.204,4,3,3973.264,2,102.74743999999998,39.8,51.1794,193.72684,5.96652,8.632,3.368,4.152,0.16,5,707.208,3,0
937,50580.296,3,19.958,5,7,21068.998,15.33908,0.325986,1,16.026,293,35.0,1,1,0,1,108.0,25.0,52.98,1.13,8.0,9.0,10.99,73.0,1.0,15.0,75.98,3.0,104.88,70.0,178.0,1.0,1.0,59.0,463.0,4,3,3973.264,2,102.74743999999998,39.8,51.1794,193.72684,5.96652,8.632,3.368,4.152,0.16,5,707.208,3,0
123,127054.0,2,6.0,6,2,34487.0,13.15,0.203,0,9.0,250,33.278,2,3,2,4,327.26,24.08,30.10496,3.2174399999999994,8.052,11.896,5.949559999999999,74.584,0.748,11.328,35.1548,3.124,80.10556,48.468,151.5,0.624,0.34,43.112,566.204,4,3,3973.264,2,102.74743999999998,39.8,51.1794,193.72684,5.96652,8.632,3.368,4.152,0.16,5,707.208,3,0
757,50580.296,3,19.958,5,7,21068.998,15.33908,0.325986,1,16.026,355,36.0,1,1,1,2,256.0,34.0,22.38,2.57,7.0,11.0,10.54,55.0,1.0,16.0,81.51,3.0,93.44,55.0,170.0,1.0,1.0,58.0,561.0,4,3,3973.264,2,102.74743999999998,39.8,51.1794,193.72684,5.96652,8.632,3.368,4.152,0.16,5,707.208,3,0
854,50580.296,3,19.958,5,7,21068.998,15.33908,0.325986,1,16.026,443,19.0,1,2,1,0,443.0,28.0,32.07,1.27,7.0,19.0,3.09,84.0,1.0,19.0,16.86,1.0,173.88,59.0,164.0,0.0,1.0,43.0,742.0,4,3,3973.264,2,102.74743999999998,39.8,51.1794,193.72684,5.96652,8.632,3.368,4.152,0.16,5,707.208,3,0
821,50580.296,3,19.958,5,7,21068.998,15.33908,0.325986,1,16.026,413,22.0,1,2,0,1,266.0,30.0,37.02,2.65,12.0,19.0,0.22,80.0,0.0,0.0,0.0,4.0,40.54,30.0,159.0,1.0,0.0,30.0,514.0,4,3,3973.264,2,102.74743999999998,39.8,51.1794,193.72684,5.96652,8.632,3.368,4.152,0.16,5,707.208,3,0
520,50580.296,3,19.958,5,7,21068.998,15.33908,0.325986,1,16.026,116,34.0,0,3,2,4,327.26,24.08,30.10496,3.2174399999999994,8.052,11.896,5.949559999999999,74.584,0.748,11.328,35.1548,3.124,80.10556,48.468,151.5,0.624,0.34,43.112,566.204,0,2,3848.0,3,125.72,59.59,67.53,252.84,6.57,11.0,1.0,2.0,0.0,2,789.0,1,0
468,57227.0,2,25.0,4,4,34996.0,9.11,0.291,0,9.0,250,33.278,2,3,2,4,327.26,24.08,30.10496,3.2174399999999994,8.052,11.896,5.949559999999999,74.584,0.748,11.328,35.1548,3.124,80.10556,48.468,151.5,0.624,0.34,43.112,566.204,4,3,3973.264,2,102.74743999999998,39.8,51.1794,193.72684,5.96652,8.632,3.368,4.152,0.16,5,707.208,3,0
938,50580.296,3,19.958,5,7,21068.998,15.33908,0.325986,1,16.026,294,43.0,1,0,0,0,402.0,21.0,35.79,5.76,11.0,8.0,9.37,55.0,0.0,0.0,0.0,5.0,80.34,55.0,157.0,0.0,1.0,20.0,477.0,4,3,3973.264,2,102.74743999999998,39.8,51.1794,193.72684,5.96652,8.632,3.368,4.152,0.16,5,707.208,3,0
10,53491.0,1,34.0,2,1,35716.0,18.92,0.443,0,23.0,250,33.278,2,3,2,4,327.26,24.08,30.10496,3.2174399999999994,8.052,11.896,5.949559999999999,74.584,0.748,11.328,35.1548,3.124,80.10556,48.468,151.5,0.624,0.34,43.112,566.204,4,3,3973.264,2,102.74743999999998,39.8,51.1794,193.72684,5.96652,8.632,3.368,4.152,0.16,5,707.208,3,0
438,32774.0,0,17.0,2,6,30783.0,23.8,0.235,0,25.0,250,33.278,2,3,2,4,327.26,24.08,30.10496,3.2174399999999994,8.052,11.896,5.949559999999999,74.584,0.748,11.328,35.1548,3.124,80.10556,48.468,151.5,0.624,0.34,43.112,566.204,4,3,3973.264,2,102.74743999999998,39.8,51.1794,193.72684,5.96652,8.632,3.368,4.152,0.16,5,707.208,3,0
990,50580.296,3,19.958,5,7,21068.998,15.33908,0.325986,1,16.026,341,34.0,0,0,1,1,275.0,30.0,7.05,1.06,6.0,11.0,1.94,90.0,1.0,15.0,71.16,2.0,102.21,17.0,145.0,1.0,0.0,48.0,549.0,4,3,3973.264,2,102.74743999999998,39.8,51.1794,193.72684,5.96652,8.632,3.368,4.152,0.16,5,707.208,3,0
909,50580.296,3,19.958,5,7,21068.998,15.33908,0.325986,1,16.026,492,39.0,1,0,1,0,575.0,22.0,38.01,1.23,13.0,11.0,26.2,64.0,1.0,17.0,37.52,1.0,27.83,59.0,155.0,1.0,1.0,56.0,745.0,4,3,3973.264,2,102.74743999999998,39.8,51.1794,193.72684,5.96652,8.632,3.368,4.152,0.16,5,707.208,3,0
215,38212.0,1,24.0,2,2,11685.0,11.55,0.187,0,7.0,250,33.278,2,3,2,4,327.26,24.08,30.10496,3.2174399999999994,8.052,11.896,5.949559999999999,74.584,0.748,11.328,35.1548,3.124,80.10556,48.468,151.5,0.624,0.34,43.112,566.204,4,3,3973.264,2,102.74743999999998,39.8,51.1794,193.72684,5.96652,8.632,3.368,4.152,0.16,5,707.208,3,1
211,37546.0,0,40.0,6,5,31527.0,13.24,0.481,0,19.0,250,33.278,2,3,2,4,327.26,24.08,30.10496,3.2174399999999994,8.052,11.896,5.949559999999999,74.584,0.748,11.328,35.1548,3.124,80.10556,48.468,151.5,0.624,0.34,43.112,566.204,4,3,3973.264,2,102.74743999999998,39.8,51.1794,193.72684,5.96652,8.632,3.368,4.152,0.16,5,707.208,3,1
810,50580.296,3,19.958,5,7,21068.998,15.33908,0.325986,1,16.026,403,40.0,0,1,1,0,351.0,23.0,20.12,4.55,10.0,10.0,6.49,57.0,1.0,13.0,10.82,1.0,99.42,28.0,161.0,1.0,0.0,46.0,584.0,4,3,3973.264,2,102.74743999999998,39.8,51.1794,193.72684,5.96652,8.632,3.368,4.152,0.16,5,707.208,3,0
323,53937.0,1,21.0,4,4,39454.0,9.53,0.43,0,11.0,250,33.278,2,3,2,4,327.26,24.08,30.10496,3.2174399999999994,8.052,11.896,5.949559999999999,74.584,0.748,11.328,35.1548,3.124,80.10556,48.468,151.5,0.624,0.34,43.112,566.204,4,3,3973.264,2,102.74743999999998,39.8,51.1794,193.72684,5.96652,8.632,3.368,4.152,0.16,5,707.208,3,0
988,50580.296,3,19.958,5,7,21068.998,15.33908,0.325986,1,16.026,340,39.0,1,0,0,0,254.0,21.0,32.01,16.61,4.0,12.0,10.35,80.0,1.0,19.0,60.27,2.0,92.7,35.0,143.0,0.0,0.0,38.0,514.0,4,3,3973.264,2,102.74743999999998,39.8,51.1794,193.72684,5.96652,8.632,3.368,4.152,0.16,5,707.208,3,0
232,38168.0,2,35.0,2,1,25820.0,24.03,0.317,0,19.0,250,33.278,2,3,2,4,327.26,24.08,30.10496,3.2174399999999994,8.052,11.896,5.949559999999999,74.584,0.748,11.328,35.1548,3.124,80.10556,48.468,151.5,0.624,0.34,43.112,566.204,4,3,3973.264,2,102.74743999999998,39.8,51.1794,193.72684,5.96652,8.632,3.368,4.152,0.16,5,707.208,3,1
839,50580.296,3,19.958,5,7,21068.998,15.33908,0.325986,1,16.026,430,18.0,0,1,3,0,476.0,27.0,35.38,5.35,7.0,16.0,1.44,86.0,1.0,11.0,34.93,4.0,29.51,64.0,151.0,1.0,0.0,55.0,779.0,4,3,3973.264,2,102.74743999999998,39.8,51.1794,193.72684,5.96652,8.632,3.368,4.152,0.16,5,707.208,3,0
463,48559.0,1,14.0,1,0,9244.0,6.68,0.311,0,20.0,250,33.278,2,3,2,4,327.26,24.08,30.10496,3.2174399999999994,8.052,11.896,5.949559999999999,74.584,0.748,11.328,35.1548,3.124,80.10556,48.468,151.5,0.624,0.34,43.112,566.204,4,3,3973.264,2,102.74743999999998,39.8,51.1794,193.72684,5.96652,8.632,3.368,4.152,0.16,5,707.208,3,0
196,59242.0,1,14.0,2,4,12691.0,7.37,0.2,0,15.0,250,33.278,2,3,2,4,327.26,24.08,30.10496,3.2174399999999994,8.052,11.896,5.949559999999999,74.584,0.748,11.328,35.1548,3.124,80.10556,48.468,151.5,0.624,0.34,43.112,566.204,4,3,3973.264,2,102.74743999999998,39.8,51.1794,193.72684,5.96652,8.632,3.368,4.152,0.16,5,707.208,3,0
464,70070.0,0,31.0,3,2,15743.0,11.67,0.08,0,27.0,250,33.278,2,3,2,4,327.26,24.08,30.10496,3.2174399999999994,8.052,11.896,5.949559999999999,74.584,0.748,11.328,35.1548,3.124,80.10556,48.468,151.5,0.624,0.34,43.112,566.204,4,3,3973.264,2,102.74743999999998,39.8,51.1794,193.72684,5.96652,8.632,3.368,4.152,0.16,5,707.208,3,0
244,56483.0,1,11.0,0,3,22542.0,18.95,0.17,0,6.0,250,33.278,2,3,2,4,327.26,24.08,30.10496,3.2174399999999994,8.052,11.896,5.949559999999999,74.584,0.748,11.328,35.1548,3.124,80.10556,48.468,151.5,0.624,0.34,43.112,566.204,4,3,3973.264,2,102.74743999999998,39.8,51.1794,193.72684,5.96652,8.632,3.368,4.152,0.16,5,707.208,3,0
943,50580.296,3,19.958,5,7,21068.998,15.33908,0.325986,1,16.026,299,59.0,0,3,3,0,428.0,18.0,9.2,0.72,7.0,15.0,3.87,64.0,1.0,23.0,43.63,5.0,105.89,69.0,174.0,1.0,1.0,66.0,681.0,4,3,3973.264,2,102.74743999999998,39.8,51.1794,193.72684,5.96652,8.632,3.368,4.152,0.16,5,707.208,3,0
666,50580.296,3,19.958,5,7,21068.998,15.33908,0.325986,1,16.026,248,56.0,1,3,2,4,327.26,24.08,30.10496,3.2174399999999994,8.052,11.896,5.949559999999999,74.584,0.748,11.328,35.1548,3.124,80.10556,48.468,151.5,0.624,0.34,43.112,566.204,0,2,4417.0,3,49.84,38.3,18.13,106.27,2.41,12.0,0.0,0.0,0.0,0,850.0,1,0
879,50580.296,3,19.958,5,7,21068.998,15.33908,0.325986,1,16.026,465,44.0,0,1,3,2,385.0,21.0,6.17,5.86,5.0,10.0,6.27,98.0,1.0,16.0,31.96,2.0,24.67,72.0,160.0,0.0,1.0,43.0,660.0,4,3,3973.264,2,102.74743999999998,39.8,51.1794,193.72684,5.96652,8.632,3.368,4.152,0.16,5,707.208,3,0
673,50580.296,3,19.958,5,7,21068.998,15.33908,0.325986,1,16.026,3,53.0,0,3,2,4,327.26,24.08,30.10496,3.2174399999999994,8.052,11.896,5.949559999999999,74.584,0.748,11.328,35.1548,3.124,80.10556,48.468,151.5,0.624,0.34,43.112,566.204,1,0,7198.0,3,51.52,105.07,42.95,199.54,2.77,7.0,5.0,1.0,0.0,4,557.0,0,0
254,65833.0,1,19.0,6,2,19020.0,21.41,0.568,0,17.0,250,33.278,2,3,2,4,327.26,24.08,30.10496,3.2174399999999994,8.052,11.896,5.949559999999999,74.584,0.748,11.328,35.1548,3.124,80.10556,48.468,151.5,0.624,0.34,43.112,566.204,4,3,3973.264,2,102.74743999999998,39.8,51.1794,193.72684,5.96652,8.632,3.368,4.152,0.16,5,707.208,3,0
315,22893.0,1,39.0,3,0,13996.0,10.16,0.059,0,11.0,250,33.278,2,3,2,4,327.26,24.08,30.10496,3.2174399999999994,8.052,11.896,5.949559999999999,74.584,0.748,11.328,35.1548,3.124,80.10556,48.468,151.5,0.624,0.34,43.112,566.204,4,3,3973.264,2,102.74743999999998,39.8,51.1794,193.72684,5.96652,8.632,3.368,4.152,0.16,5,707.208,3,0
392,69102.0,2,20.0,6,4,31106.0,18.49,0.351,0,29.0,250,33.278,2,3,2,4,327.26,24.08,30.10496,3.2174399999999994,8.052,11.896,5.949559999999999,74.584,0.748,11.328,35.1548,3.124,80.10556,48.468,151.5,0.624,0.34,43.112,566.204,4,3,3973.264,2,102.74743999999998,39.8,51.1794,193.72684,5.96652,8.632,3.368,4.152,0.16,5,707.208,3,1
885,50580.296,3,19.958,5,7,21068.998,15.33908,0.325986,1,16.026,273,51.0,1,1,1,1,268.0,24.0,12.21,5.06,11.0,16.0,9.96,89.0,1.0,14.0,16.59,6.0,64.74,67.0,166.0,1.0,0.0,60.0,604.0,4,3,3973.264,2,102.74743999999998,39.8,51.1794,193.72684,5.96652,8.632,3.368,4.152,0.16,5,707.208,3,0
133,40292.0,0,40.0,0,4,25770.0,7.24,0.475,0,4.0,250,33.278,2,3,2,4,327.26,24.08,30.10496,3.2174399999999994,8.052,11.896,5.949559999999999,74.584,0.748,11.328,35.1548,3.124,80.10556,48.468,151.5,0.624,0.34,43.112,566.204,4,3,3973.264,2,102.74743999999998,39.8,51.1794,193.72684,5.96652,8.632,3.368,4.152,0.16,5,707.208,3,1
681,50580.296,3,19.958,5,7,21068.998,15.33908,0.325986,1,16.026,37,18.0,0,3,2,4,327.26,24.08,30.10496,3.2174399999999994,8.052,11.896,5.949559999999999,74.584,0.748,11.328,35.1548,3.124,80.10556,48.468,151.5,0.624,0.34,43.112,566.204,0,2,3950.0,3,64.25,43.74,7.63,115.62,2.93,6.0,6.0,1.0,0.0,4,581.0,0,0
375,82572.0,2,28.0,1,4,25917.0,13.58,0.223,0,20.0,250,33.278,2,3,2,4,327.26,24.08,30.10496,3.2174399999999994,8.052,11.896,5.949559999999999,74.584,0.748,11.328,35.1548,3.124,80.10556,48.468,151.5,0.624,0.34,43.112,566.204,4,3,3973.264,2,102.74743999999998,39.8,51.1794,193.72684,5.96652,8.632,3.368,4.152,0.16,5,707.208,3,0
546,50580.296,3,19.958,5,7,21068.998,15.33908,0.325986,1,16.026,14,18.0,0,3,2,4,327.26,24.08,30.10496,3.2174399999999994,8.052,11.896,5.949559999999999,74.584,0.748,11.328,35.1548,3.124,80.10556,48.468,151.5,0.624,0.34,43.112,566.204,1,1,2565.0,1,174.15,48.27,69.28,291.7,11.37,12.0,0.0,0.0,0.0,2,850.0,1,0
487,39404.0,2,21.0,4,6,28990.0,24.58,0.477,0,28.0,250,33.278,2,3,2,4,327.26,24.08,30.10496,3.2174399999999994,8.052,11.896,5.949559999999999,74.584,0.748,11.328,35.1548,3.124,80.10556,48.468,151.5,0.624,0.34,43.112,566.204,4,3,3973.264,2,102.74743999999998,39.8,51.1794,193.72684,5.96652,8.632,3.368,4.152,0.16,5,707.208,3,1
460,26075.0,2,10.0,0,1,16373.0,17.11,0.484,0,7.0,250,33.278,2,3,2,4,327.26,24.08,30.10496,3.2174399999999994,8.052,11.896,5.949559999999999,74.584,0.748,11.328,35.1548,3.124,80.10556,48.468,151.5,0.624,0.34,43.112,566.204,4,3,3973.264,2,102.74743999999998,39.8,51.1794,193.72684,5.96652,8.632,3.368,4.152,0.16,5,707.208,3,0
724,50580.296,3,19.958,5,7,21068.998,15.33908,0.325986,1,16.026,76,36.0,0,3,2,4,327.26,24.08,30.10496,3.2174399999999994,8.052,11.896,5.949559999999999,74.584,0.748,11.328,35.1548,3.124,80.10556,48.468,151.5,0.624,0.34,43.112,566.204,0,2,4259.0,0,166.99,27.11,12.88,206.98,4.86,10.0,2.0,3.0,0.0,4,850.0,1,0
881,50580.296,3,19.958,5,7,21068.998,15.33908,0.325986,1,16.026,467,31.0,1,0,0,1,334.0,19.0,53.6,1.22,11.0,11.0,3.26,80.0,1.0,22.0,32.05,5.0,51.64,47.0,161.0,1.0,0.0,61.0,583.0,4,3,3973.264,2,102.74743999999998,39.8,51.1794,193.72684,5.96652,8.632,3.368,4.152,0.16,5,707.208,3,0
281,79507.0,1,11.0,1,2,26242.0,19.58,0.48,0,19.0,250,33.278,2,3,2,4,327.26,24.08,30.10496,3.2174399999999994,8.052,11.896,5.949559999999999,74.584,0.748,11.328,35.1548,3.124,80.10556,48.468,151.5,0.624,0.34,43.112,566.204,4,3,3973.264,2,102.74743999999998,39.8,51.1794,193.72684,5.96652,8.632,3.368,4.152,0.16,5,707.208,3,0
597,50580.296,3,19.958,5,7,21068.998,15.33908,0.325986,1,16.026,186,40.0,0,3,2,4,327.26,24.08,30.10496,3.2174399999999994,8.052,11.896,5.949559999999999,74.584,0.748,11.328,35.1548,3.124,80.10556,48.468,151.5,0.624,0.34,43.112,566.204,0,0,7537.0,3,186.89,13.74,14.07,214.7,2.85,7.0,5.0,3.0,0.0,1,640.0,2,0
175,75338.0,1,27.0,6,1,17241.0,14.18,0.423,0,7.0,250,33.278,2,3,2,4,327.26,24.08,30.10496,3.2174399999999994,8.052,11.896,5.949559999999999,74.584,0.748,11.328,35.1548,3.124,80.10556,48.468,151.5,0.624,0.34,43.112,566.204,4,3,3973.264,2,102.74743999999998,39.8,51.1794,193.72684,5.96652,8.632,3.368,4.152,0.16,5,707.208,3,0
791,50580.296,3,19.958,5,7,21068.998,15.33908,0.325986,1,16.026,386,28.0,1,1,1,2,218.0,34.0,12.54,0.71,7.0,11.0,5.66,62.0,0.0,0.0,0.0,5.0,12.33,18.0,143.0,0.0,0.0,14.0,389.0,4,3,3973.264,2,102.74743999999998,39.8,51.1794,193.72684,5.96652,8.632,3.368,4.152,0.16,5,707.208,3,0
801,50580.296,3,19.958,5,7,21068.998,15.33908,0.325986,1,16.026,395,26.0,1,0,3,1,157.0,18.0,29.82,0.38,10.0,8.0,4.45,88.0,1.0,12.0,22.97,2.0,31.95,20.0,143.0,1.0,1.0,44.0,427.0,4,3,3973.264,2,102.74743999999998,39.8,51.1794,193.72684,5.96652,8.632,3.368,4.152,0.16,5,707.208,3,0
950,50580.296,3,19.958,5,7,21068.998,15.33908,0.325986,1,16.026,305,31.0,1,3,1,0,257.0,28.0,10.23,0.04,11.0,7.0,6.11,65.0,0.0,0.0,0.0,5.0,61.17,55.0,168.0,1.0,0.0,36.0,489.0,4,3,3973.264,2,102.74743999999998,39.8,51.1794,193.72684,5.96652,8.632,3.368,4.152,0.16,5,707.208,3,0
623,50580.296,3,19.958,5,7,21068.998,15.33908,0.325986,1,16.026,209,75.0,0,3,2,4,327.26,24.08,30.10496,3.2174399999999994,8.052,11.896,5.949559999999999,74.584,0.748,11.328,35.1548,3.124,80.10556,48.468,151.5,0.624,0.34,43.112,566.204,0,2,4811.0,1,138.89,80.47,61.98,281.34,5.85,8.0,4.0,1.0,0.0,1,652.0,2,0
77,45092.0,2,21.0,3,3,35441.0,12.1,0.336,0,20.0,250,33.278,2,3,2,4,327.26,24.08,30.10496,3.2174399999999994,8.052,11.896,5.949559999999999,74.584,0.748,11.328,35.1548,3.124,80.10556,48.468,151.5,0.624,0.34,43.112,566.204,4,3,3973.264,2,102.74743999999998,39.8,51.1794,193.72684,5.96652,8.632,3.368,4.152,0.16,5,707.208,3,0
576,50580.296,3,19.958,5,7,21068.998,15.33908,0.325986,1,16.026,167,57.0,0,3,2,4,327.26,24.08,30.10496,3.2174399999999994,8.052,11.896,5.949559999999999,74.584,0.748,11.328,35.1548,3.124,80.10556,48.468,151.5,0.624,0.34,43.112,566.204,2,1,2004.0,3,70.3,26.98,11.2,108.48,5.41,10.0,2.0,6.0,0.0,4,762.0,1,0
921,50580.296,3,19.958,5,7,21068.998,15.33908,0.325986,1,16.026,279,39.0,1,1,3,1,284.0,13.0,9.65,2.51,6.0,10.0,4.31,68.0,0.0,0.0,0.0,4.0,47.89,100.0,158.0,1.0,1.0,41.0,463.0,4,3,3973.264,2,102.74743999999998,39.8,51.1794,193.72684,5.96652,8.632,3.368,4.152,0.16,5,707.208,3,0
721,50580.296,3,19.958,5,7,21068.998,15.33908,0.325986,1,16.026,73,53.0,0,3,2,4,327.26,24.08,30.10496,3.2174399999999994,8.052,11.896,5.949559999999999,74.584,0.748,11.328,35.1548,3.124,80.10556,48.468,151.5,0.624,0.34,43.112,566.204,0,0,8508.0,0,48.52,21.98,44.02,114.52,1.35,12.0,0.0,0.0,0.0,0,850.0,1,0
652,50580.296,3,19.958,5,7,21068.998,15.33908,0.325986,1,16.026,235,42.0,1,3,2,4,327.26,24.08,30.10496,3.2174399999999994,8.052,11.896,5.949559999999999,74.584,0.748,11.328,35.1548,3.124,80.10556,48.468,151.5,0.624,0.34,43.112,566.204,0,0,7755.0,1,191.54,44.89,27.26,263.69,3.4,12.0,0.0,0.0,0.0,0,850.0,1,0
713,50580.296,3,19.958,5,7,21068.998,15.33908,0.325986,1,16.026,66,34.0,0,3,2,4,327.26,24.08,30.10496,3.2174399999999994,8.052,11.896,5.949559999999999,74.584,0.748,11.328,35.1548,3.124,80.10556,48.468,151.5,0.624,0.34,43.112,566.204,0,1,2613.0,3,26.55,127.47,39.3,193.32,7.4,9.0,3.0,20.0,2.0,0,720.0,1,0
485,68308.0,2,13.0,6,5,27917.0,7.06,0.144,0,28.0,250,33.278,2,3,2,4,327.26,24.08,30.10496,3.2174399999999994,8.052,11.896,5.949559999999999,74.584,0.748,11.328,35.1548,3.124,80.10556,48.468,151.5,0.624,0.34,43.112,566.204,4,3,3973.264,2,102.74743999999998,39.8,51.1794,193.72684,5.96652,8.632,3.368,4.152,0.16,5,707.208,3,1
371,44611.0,0,6.0,1,2,20540.0,21.49,0.259,2,24.0,250,33.278,2,3,2,4,327.26,24.08,30.10496,3.2174399999999994,8.052,11.896,5.949559999999999,74.584,0.748,11.328,35.1548,3.124,80.10556,48.468,151.5,0.624,0.34,43.112,566.204,4,3,3973.264,2,102.74743999999998,39.8,51.1794,193.72684,5.96652,8.632,3.368,4.152,0.16,5,707.208,3,0
95,45530.0,2,25.0,4,3,32128.0,10.83,0.385,0,16.0,250,33.278,2,3,2,4,327.26,24.08,30.10496,3.2174399999999994,8.052,11.896,5.949559999999999,74.584,0.748,11.328,35.1548,3.124,80.10556,48.468,151.5,0.624,0.34,43.112,566.204,4,3,3973.264,2,102.74743999999998,39.8,51.1794,193.72684,5.96652,8.632,3.368,4.152,0.16,5,707.208,3,0
644,50580.296,3,19.958,5,7,21068.998,15.33908,0.325986,1,16.026,228,26.0,0,3,2,4,327.26,24.08,30.10496,3.2174399999999994,8.052,11.896,5.949559999999999,74.584,0.748,11.328,35.1548,3.124,80.10556,48.468,151.5,0.624,0.34,43.112,566.204,3,2,5274.0,3,102.94,52.32,54.19,209.45,3.97,4.0,8.0,3.0,0.0,4,577.0,0,0
928,50580.296,3,19.958,5,7,21068.998,15.33908,0.325986,1,16.026,285,33.0,1,2,1,0,393.0,22.0,24.07,5.86,4.0,8.0,3.25,86.0,1.0,10.0,49.92,6.0,144.9,30.0,168.0,1.0,1.0,49.0,722.0,4,3,3973.264,2,102.74743999999998,39.8,51.1794,193.72684,5.96652,8.632,3.368,4.152,0.16,5,707.208,3,0
217,57140.0,2,1.0,0,1,6451.0,16.51,0.521,0,19.0,250,33.278,2,3,2,4,327.26,24.08,30.10496,3.2174399999999994,8.052,11.896,5.949559999999999,74.584,0.748,11.328,35.1548,3.124,80.10556,48.468,151.5,0.624,0.34,43.112,566.204,4,3,3973.264,2,102.74743999999998,39.8,51.1794,193.72684,5.96652,8.632,3.368,4.152,0.16,5,707.208,3,1
549,50580.296,3,19.958,5,7,21068.998,15.33908,0.325986,1,16.026,142,18.0,0,3,2,4,327.26,24.08,30.10496,3.2174399999999994,8.052,11.896,5.949559999999999,74.584,0.748,11.328,35.1548,3.124,80.10556,48.468,151.5,0.624,0.34,43.112,566.204,0,1,2221.0,1,23.55,63.09,17.6,104.24,4.69,8.0,4.0,2.0,0.0,2,635.0,2,0
363,77372.0,0,23.0,3,4,33252.0,19.96,0.225,2,15.0,250,33.278,2,3,2,4,327.26,24.08,30.10496,3.2174399999999994,8.052,11.896,5.949559999999999,74.584,0.748,11.328,35.1548,3.124,80.10556,48.468,151.5,0.624,0.34,43.112,566.204,4,3,3973.264,2,102.74743999999998,39.8,51.1794,193.72684,5.96652,8.632,3.368,4.152,0.16,5,707.208,3,0
878,50580.296,3,19.958,5,7,21068.998,15.33908,0.325986,1,16.026,464,27.0,1,2,1,1,184.0,17.0,31.0,2.88,7.0,12.0,10.1,35.0,1.0,16.0,70.19,4.0,161.95,51.0,159.0,0.0,0.0,40.0,355.0,4,3,3973.264,2,102.74743999999998,39.8,51.1794,193.72684,5.96652,8.632,3.368,4.152,0.16,5,707.208,3,0
180,31461.0,0,40.0,2,1,12185.0,14.79,0.487,0,6.0,250,33.278,2,3,2,4,327.26,24.08,30.10496,3.2174399999999994,8.052,11.896,5.949559999999999,74.584,0.748,11.328,35.1548,3.124,80.10556,48.468,151.5,0.624,0.34,43.112,566.204,4,3,3973.264,2,102.74743999999998,39.8,51.1794,193.72684,5.96652,8.632,3.368,4.152,0.16,5,707.208,3,1
154,53729.0,2,36.0,0,2,33793.0,21.19,0.098,0,21.0,250,33.278,2,3,2,4,327.26,24.08,30.10496,3.2174399999999994,8.052,11.896,5.949559999999999,74.584,0.748,11.328,35.1548,3.124,80.10556,48.468,151.5,0.624,0.34,43.112,566.204,4,3,3973.264,2,102.74743999999998,39.8,51.1794,193.72684,5.96652,8.632,3.368,4.152,0.16,5,707.208,3,0
955,50580.296,3,19.958,5,7,21068.998,15.33908,0.325986,1,16.026,310,28.0,0,2,1,1,285.0,30.0,2.26,4.59,8.0,11.0,2.27,76.0,0.0,0.0,0.0,2.0,26.08,45.0,166.0,0.0,0.0,16.0,464.0,4,3,3973.264,2,102.74743999999998,39.8,51.1794,193.72684,5.96652,8.632,3.368,4.152,0.16,5,707.208,3,0
982,50580.296,3,19.958,5,7,21068.998,15.33908,0.325986,1,16.026,334,35.0,1,1,3,1,236.0,24.0,14.31,0.35,11.0,18.0,1.68,70.0,1.0,18.0,123.77,3.0,280.2,92.0,148.0,0.0,1.0,50.0,499.0,4,3,3973.264,2,102.74743999999998,39.8,51.1794,193.72684,5.96652,8.632,3.368,4.152,0.16,5,707.208,3,0
385,63393.0,0,7.0,0,4,23412.0,19.14,0.18,0,25.0,250,33.278,2,3,2,4,327.26,24.08,30.10496,3.2174399999999994,8.052,11.896,5.949559999999999,74.584,0.748,11.328,35.1548,3.124,80.10556,48.468,151.5,0.624,0.34,43.112,566.204,4,3,3973.264,2,102.74743999999998,39.8,51.1794,193.72684,5.96652,8.632,3.368,4.152,0.16,5,707.208,3,1
521,50580.296,3,19.958,5,7,21068.998,15.33908,0.325986,1,16.026,117,20.0,1,3,2,4,327.26,24.08,30.10496,3.2174399999999994,8.052,11.896,5.949559999999999,74.584,0.748,11.328,35.1548,3.124,80.10556,48.468,151.5,0.624,0.34,43.112,566.204,0,1,2823.0,1,238.83,5.83,64.7,309.36,10.96,7.0,5.0,4.0,0.0,0,577.0,0,0
696,50580.296,3,19.958,5,7,21068.998,15.33908,0.325986,1,16.026,50,38.0,1,3,2,4,327.26,24.08,30.10496,3.2174399999999994,8.052,11.896,5.949559999999999,74.584,0.748,11.328,35.1548,3.124,80.10556,48.468,151.5,0.624,0.34,43.112,566.204,2,1,1547.0,0,32.62,4.05,59.85,96.52,6.24,8.0,4.0,30.0,1.0,1,523.0,0,0
999,50580.296,3,19.958,5,7,21068.998,15.33908,0.325986,1,16.026,350,20.0,0,2,1,1,222.0,23.0,28.36,2.65,6.0,10.0,1.7,86.0,0.0,0.0,0.0,5.0,45.57,31.0,148.0,1.0,0.0,30.0,484.0,4,3,3973.264,2,102.74743999999998,39.8,51.1794,193.72684,5.96652,8.632,3.368,4.152,0.16,5,707.208,3,0
749,50580.296,3,19.958,5,7,21068.998,15.33908,0.325986,1,16.026,99,32.0,0,3,2,4,327.26,24.08,30.10496,3.2174399999999994,8.052,11.896,5.949559999999999,74.584,0.748,11.328,35.1548,3.124,80.10556,48.468,151.5,0.624,0.34,43.112,566.204,0,0,7721.0,0,123.55,81.17,73.25,277.97,3.6,10.0,2.0,0.0,0.0,0,778.0,1,0
185,25044.0,0,14.0,2,2,28076.0,20.79,0.099,0,11.0,250,33.278,2,3,2,4,327.26,24.08,30.10496,3.2174399999999994,8.052,11.896,5.949559999999999,74.584,0.748,11.328,35.1548,3.124,80.10556,48.468,151.5,0.624,0.34,43.112,566.204,4,3,3973.264,2,102.74743999999998,39.8,51.1794,193.72684,5.96652,8.632,3.368,4.152,0.16,5,707.208,3,1
663,50580.296,3,19.958,5,7,21068.998,15.33908,0.325986,1,16.026,245,30.0,1,3,2,4,327.26,24.08,30.10496,3.2174399999999994,8.052,11.896,5.949559999999999,74.584,0.748,11.328,35.1548,3.124,80.10556,48.468,151.5,0.624,0.34,43.112,566.204,0,1,2227.0,1,244.28,26.4,36.15,306.83,13.78,9.0,3.0,5.0,0.0,0,665.0,2,0
922,50580.296,3,19.958,5,7,21068.998,15.33908,0.325986,1,16.026,280,40.0,0,2,0,0,397.0,15.0,22.59,1.76,13.0,5.0,4.17,78.0,0.0,0.0,0.0,7.0,38.6,43.0,141.0,1.0,1.0,33.0,627.0,4,3,3973.264,2,102.74743999999998,39.8,51.1794,193.72684,5.96652,8.632,3.368,4.152,0.16,5,707.208,3,0
451,68625.0,2,13.0,0,5,24071.0,8.74,0.12,0,12.0,250,33.278,2,3,2,4,327.26,24.08,30.10496,3.2174399999999994,8.052,11.896,5.949559999999999,74.584,0.748,11.328,35.1548,3.124,80.10556,48.468,151.5,0.624,0.34,43.112,566.204,4,3,3973.264,2,102.74743999999998,39.8,51.1794,193.72684,5.96652,8.632,3.368,4.152,0.16,5,707.208,3,0
25,65820.0,0,14.0,6,0,10821.0,5.04,0.567,2,30.0,250,33.278,2,3,2,4,327.26,24.08,30.10496,3.2174399999999994,8.052,11.896,5.949559999999999,74.584,0.748,11.328,35.1548,3.124,80.10556,48.468,151.5,0.624,0.34,43.112,566.204,4,3,3973.264,2,102.74743999999998,39.8,51.1794,193.72684,5.96652,8.632,3.368,4.152,0.16,5,707.208,3,1
130,65179.0,2,21.0,1,4,29151.0,5.23,0.169,2,29.0,250,33.278,2,3,2,4,327.26,24.08,30.10496,3.2174399999999994,8.052,11.896,5.949559999999999,74.584,0.748,11.328,35.1548,3.124,80.10556,48.468,151.5,0.624,0.34,43.112,566.204,4,3,3973.264,2,102.74743999999998,39.8,51.1794,193.72684,5.96652,8.632,3.368,4.152,0.16,5,707.208,3,1
168,52218.0,1,34.0,1,2,9549.0,21.87,0.535,0,23.0,250,33.278,2,3,2,4,327.26,24.08,30.10496,3.2174399999999994,8.052,11.896,5.949559999999999,74.584,0.748,11.328,35.1548,3.124,80.10556,48.468,151.5,0.624,0.34,43.112,566.204,4,3,3973.264,2,102.74743999999998,39.8,51.1794,193.72684,5.96652,8.632,3.368,4.152,0.16,5,707.208,3,1
470,49283.0,2,33.0,1,1,6585.0,24.64,0.592,2,13.0,250,33.278,2,3,2,4,327.26,24.08,30.10496,3.2174399999999994,8.052,11.896,5.949559999999999,74.584,0.748,11.328,35.1548,3.124,80.10556,48.468,151.5,0.624,0.34,43.112,566.204,4,3,3973.264,2,102.74743999999998,39.8,51.1794,193.72684,5.96652,8.632,3.368,4.152,0.16,5,707.208,3,1
379,20429.0,2,3.0,1,0,3368.0,11.33,0.256,0,11.0,250,33.278,2,3,2,4,327.26,24.08,30.10496,3.2174399999999994,8.052,11.896,5.949559999999999,74.584,0.748,11.328,35.1548,3.124,80.10556,48.468,151.5,0.624,0.34,43.112,566.204,4,3,3973.264,2,102.74743999999998,39.8,51.1794,193.72684,5.96652,8.632,3.368,4.152,0.16,5,707.208,3,0
165,36933.0,0,6.0,2,0,24091.0,11.98,0.156,0,20.0,250,33.278,2,3,2,4,327.26,24.08,30.10496,3.2174399999999994,8.052,11.896,5.949559999999999,74.584,0.748,11.328,35.1548,3.124,80.10556,48.468,151.5,0.624,0.34,43.112,566.204,4,3,3973.264,2,102.74743999999998,39.8,51.1794,193.72684,5.96652,8.632,3.368,4.152,0.16,5,707.208,3,0
887,50580.296,3,19.958,5,7,21068.998,15.33908,0.325986,1,16.026,472,49.0,0,0,3,0,321.0,23.0,91.67,3.03,10.0,7.0,3.71,57.0,0.0,0.0,0.0,2.0,64.22,47.0,152.0,1.0,0.0,30.0,474.0,4,3,3973.264,2,102.74743999999998,39.8,51.1794,193.72684,5.96652,8.632,3.368,4.152,0.16,5,707.208,3,0
203,63242.0,1,29.0,2,1,29399.0,11.71,0.083,0,15.0,250,33.278,2,3,2,4,327.26,24.08,30.10496,3.2174399999999994,8.052,11.896,5.949559999999999,74.584,0.748,11.328,35.1548,3.124,80.10556,48.468,151.5,0.624,0.34,43.112,566.204,4,3,3973.264,2,102.74743999999998,39.8,51.1794,193.72684,5.96652,8.632,3.368,4.152,0.16,5,707.208,3,0
550,50580.296,3,19.958,5,7,21068.998,15.33908,0.325986,1,16.026,143,37.0,1,3,2,4,327.26,24.08,30.10496,3.2174399999999994,8.052,11.896,5.949559999999999,74.584,0.748,11.328,35.1548,3.124,80.10556,48.468,151.5,0.624,0.34,43.112,566.204,0,0,5482.0,3,12.12,104.03,63.49,179.64,3.28,12.0,0.0,0.0,0.0,4,762.0,1,0
573,50580.296,3,19.958,5,7,21068.998,15.33908,0.325986,1,16.026,164,46.0,1,3,2,4,327.26,24.08,30.10496,3.2174399999999994,8.052,11.896,5.949559999999999,74.584,0.748,11.328,35.1548,3.124,80.10556,48.468,151.5,0.624,0.34,43.112,566.204,2,1,2825.0,0,9.8,19.04,161.95,190.79,6.75,11.0,1.0,0.0,0.0,0,809.0,1,0
707,50580.296,3,19.958,5,7,21068.998,15.33908,0.325986,1,16.026,60,29.0,0,3,2,4,327.26,24.08,30.10496,3.2174399999999994,8.052,11.896,5.949559999999999,74.584,0.748,11.328,35.1548,3.124,80.10556,48.468,151.5,0.624,0.34,43.112,566.204,0,2,4139.0,3,29.08,34.2,10.98,74.26,1.79,8.0,4.0,0.0,1.0,2,599.0,0,0
162,25994.0,2,28.0,4,1,9682.0,23.07,0.4,0,23.0,250,33.278,2,3,2,4,327.26,24.08,30.10496,3.2174399999999994,8.052,11.896,5.949559999999999,74.584,0.748,11.328,35.1548,3.124,80.10556,48.468,151.5,0.624,0.34,43.112,566.204,4,3,3973.264,2,102.74743999999998,39.8,51.1794,193.72684,5.96652,8.632,3.368,4.152,0.16,5,707.208,3,0
720,50580.296,3,19.958,5,7,21068.998,15.33908,0.325986,1,16.026,72,34.0,1,3,2,4,327.26,24.08,30.10496,3.2174399999999994,8.052,11.896,5.949559999999999,74.584,0.748,11.328,35.1548,3.124,80.10556,48.468,151.5,0.624,0.34,43.112,566.204,2,1,1687.0,3,39.75,98.71,103.83,242.29,14.36,8.0,4.0,6.0,0.0,4,675.0,2,0
248,61903.0,1,0.0,6,0,29247.0,22.48,0.108,2,23.0,250,33.278,2,3,2,4,327.26,24.08,30.10496,3.2174399999999994,8.052,11.896,5.949559999999999,74.584,0.748,11.328,35.1548,3.124,80.10556,48.468,151.5,0.624,0.34,43.112,566.204,4,3,3973.264,2,102.74743999999998,39.8,51.1794,193.72684,5.96652,8.632,3.368,4.152,0.16,5,707.208,3,1
800,50580.296,3,19.958,5,7,21068.998,15.33908,0.325986,1,16.026,394,35.0,1,2,1,2,140.0,24.0,17.28,0.7,11.0,10.0,8.82,90.0,1.0,18.0,14.88,2.0,138.92,64.0,131.0,1.0,1.0,59.0,586.0,4,3,3973.264,2,102.74743999999998,39.8,51.1794,193.72684,5.96652,8.632,3.368,4.152,0.16,5,707.208,3,0
66,26173.0,1,7.0,3,0,24554.0,9.08,0.189,0,26.0,250,33.278,2,3,2,4,327.26,24.08,30.10496,3.2174399999999994,8.052,11.896,5.949559999999999,74.584,0.748,11.328,35.1548,3.124,80.10556,48.468,151.5,0.624,0.34,43.112,566.204,4,3,3973.264,2,102.74743999999998,39.8,51.1794,193.72684,5.96652,8.632,3.368,4.152,0.16,5,707.208,3,0
643,50580.296,3,19.958,5,7,21068.998,15.33908,0.325986,1,16.026,227,22.0,0,3,2,4,327.26,24.08,30.10496,3.2174399999999994,8.052,11.896,5.949559999999999,74.584,0.748,11.328,35.1548,3.124,80.10556,48.468,151.5,0.624,0.34,43.112,566.204,0,0,5858.0,1,73.0,97.13,104.35,274.48,4.69,8.0,4.0,0.0,0.0,1,698.0,2,0
367,22445.0,2,14.0,6,1,39213.0,10.28,0.51,0,13.0,250,33.278,2,3,2,4,327.26,24.08,30.10496,3.2174399999999994,8.052,11.896,5.949559999999999,74.584,0.748,11.328,35.1548,3.124,80.10556,48.468,151.5,0.624,0.34,43.112,566.204,4,3,3973.264,2,102.74743999999998,39.8,51.1794,193.72684,5.96652,8.632,3.368,4.152,0.16,5,707.208,3,0
603,50580.296,3,19.958,5,7,21068.998,15.33908,0.325986,1,16.026,191,45.0,0,3,2,4,327.26,24.08,30.10496,3.2174399999999994,8.052,11.896,5.949559999999999,74.584,0.748,11.328,35.1548,3.124,80.10556,48.468,151.5,0.624,0.34,43.112,566.204,0,2,5044.0,3,16.55,26.58,25.67,68.8,1.36,10.0,2.0,4.0,0.0,1,728.0,1,0
404,36005.0,0,33.0,4,6,25885.0,6.6,0.166,0,5.0,250,33.278,2,3,2,4,327.26,24.08,30.10496,3.2174399999999994,8.052,11.896,5.949559999999999,74.584,0.748,11.328,35.1548,3.124,80.10556,48.468,151.5,0.624,0.34,43.112,566.204,4,3,3973.264,2,102.74743999999998,39.8,51.1794,193.72684,5.96652,8.632,3.368,4.152,0.16,5,707.208,3,0
234,45956.0,2,30.0,1,2,6366.0,17.23,0.425,0,17.0,250,33.278,2,3,2,4,327.26,24.08,30.10496,3.2174399999999994,8.052,11.896,5.949559999999999,74.584,0.748,11.328,35.1548,3.124,80.10556,48.468,151.5,0.624,0.34,43.112,566.204,4,3,3973.264,2,102.74743999999998,39.8,51.1794,193.72684,5.96652,8.632,3.368,4.152,0.16,5,707.208,3,1
859,50580.296,3,19.958,5,7,21068.998,15.33908,0.325986,1,16.026,448,18.0,1,1,3,1,364.0,21.0,17.15,1.59,2.0,9.0,4.36,79.0,1.0,8.0,35.24,3.0,28.14,48.0,151.0,1.0,0.0,48.0,587.0,4,3,3973.264,2,102.74743999999998,39.8,51.1794,193.72684,5.96652,8.632,3.368,4.152,0.16,5,707.208,3,0
457,40416.0,2,11.0,1,2,26235.0,23.7,0.541,0,8.0,250,33.278,2,3,2,4,327.26,24.08,30.10496,3.2174399999999994,8.052,11.896,5.949559999999999,74.584,0.748,11.328,35.1548,3.124,80.10556,48.468,151.5,0.624,0.34,43.112,566.204,4,3,3973.264,2,102.74743999999998,39.8,51.1794,193.72684,5.96652,8.632,3.368,4.152,0.16,5,707.208,3,0
540,50580.296,3,19.958,5,7,21068.998,15.33908,0.325986,1,16.026,134,23.0,1,3,2,4,327.26,24.08,30.10496,3.2174399999999994,8.052,11.896,5.949559999999999,74.584,0.748,11.328,35.1548,3.124,80.10556,48.468,151.5,0.624,0.34,43.112,566.204,0,1,2569.0,1,64.53,10.5,7.73,82.76,3.22,8.0,4.0,2.0,0.0,4,663.0,2,0
995,50580.296,3,19.958,5,7,21068.998,15.33908,0.325986,1,16.026,346,37.0,0,0,3,0,340.0,27.0,21.81,5.69,4.0,10.0,4.23,80.0,1.0,15.0,18.48,3.0,134.99,77.0,148.0,1.0,0.0,60.0,666.0,4,3,3973.264,2,102.74743999999998,39.8,51.1794,193.72684,5.96652,8.632,3.368,4.152,0.16,5,707.208,3,0
579,50580.296,3,19.958,5,7,21068.998,15.33908,0.325986,1,16.026,17,38.0,1,3,2,4,327.26,24.08,30.10496,3.2174399999999994,8.052,11.896,5.949559999999999,74.584,0.748,11.328,35.1548,3.124,80.10556,48.468,151.5,0.624,0.34,43.112,566.204,2,1,2833.0,3,17.38,52.3,21.47,91.15,3.22,5.0,7.0,3.0,0.0,4,511.0,0,0
806,50580.296,3,19.958,5,7,21068.998,15.33908,0.325986,1,16.026,400,18.0,1,2,0,0,531.0,22.0,21.44,4.46,8.0,12.0,5.07,56.0,1.0,15.0,74.57,3.0,166.55,63.0,150.0,1.0,1.0,57.0,765.0,4,3,3973.264,2,102.74743999999998,39.8,51.1794,193.72684,5.96652,8.632,3.368,4.152,0.16,5,707.208,3,0
808,50580.296,3,19.958,5,7,21068.998,15.33908,0.325986,1,16.026,401,33.0,1,1,3,1,243.0,27.0,42.37,0.92,10.0,14.0,22.97,74.0,0.0,0.0,0.0,4.0,123.36,39.0,155.0,1.0,0.0,31.0,449.0,4,3,3973.264,2,102.74743999999998,39.8,51.1794,193.72684,5.96652,8.632,3.368,4.152,0.16,5,707.208,3,0
519,50580.296,3,19.958,5,7,21068.998,15.33908,0.325986,1,16.026,115,38.0,0,3,2,4,327.26,24.08,30.10496,3.2174399999999994,8.052,11.896,5.949559999999999,74.584,0.748,11.328,35.1548,3.124,80.10556,48.468,151.5,0.624,0.34,43.112,566.204,1,1,3670.0,3,240.23,22.72,108.92,371.87,10.13,11.0,1.0,3.0,0.0,0,850.0,1,0
827,50580.296,3,19.958,5,7,21068.998,15.33908,0.325986,1,16.026,419,30.0,0,1,3,0,364.0,19.0,45.63,14.36,7.0,13.0,1.95,71.0,1.0,21.0,47.18,4.0,42.9,17.0,165.0,1.0,1.0,53.0,643.0,4,3,3973.264,2,102.74743999999998,39.8,51.1794,193.72684,5.96652,8.632,3.368,4.152,0.16,5,707.208,3,0
221,66257.0,1,24.0,0,0,31873.0,14.91,0.214,2,15.0,250,33.278,2,3,2,4,327.26,24.08,30.10496,3.2174399999999994,8.052,11.896,5.949559999999999,74.584,0.748,11.328,35.1548,3.124,80.10556,48.468,151.5,0.624,0.34,43.112,566.204,4,3,3973.264,2,102.74743999999998,39.8,51.1794,193.72684,5.96652,8.632,3.368,4.152,0.16,5,707.208,3,0
850,50580.296,3,19.958,5,7,21068.998,15.33908,0.325986,1,16.026,440,52.0,0,3,3,3,149.0,20.0,8.46,11.0,6.0,18.0,9.97,75.0,0.0,0.0,0.0,5.0,8.36,69.0,155.0,0.0,1.0,22.0,311.0,4,3,3973.264,2,102.74743999999998,39.8,51.1794,193.72684,5.96652,8.632,3.368,4.152,0.16,5,707.208,3,0
240,76109.0,0,15.0,1,2,11717.0,9.44,0.371,0,10.0,250,33.278,2,3,2,4,327.26,24.08,30.10496,3.2174399999999994,8.052,11.896,5.949559999999999,74.584,0.748,11.328,35.1548,3.124,80.10556,48.468,151.5,0.624,0.34,43.112,566.204,4,3,3973.264,2,102.74743999999998,39.8,51.1794,193.72684,5.96652,8.632,3.368,4.152,0.16,5,707.208,3,0
236,45646.0,1,10.0,4,2,9711.0,22.15,0.572,0,13.0,250,33.278,2,3,2,4,327.26,24.08,30.10496,3.2174399999999994,8.052,11.896,5.949559999999999,74.584,0.748,11.328,35.1548,3.124,80.10556,48.468,151.5,0.624,0.34,43.112,566.204,4,3,3973.264,2,102.74743999999998,39.8,51.1794,193.72684,5.96652,8.632,3.368,4.152,0.16,5,707.208,3,1
292,80654.0,2,19.0,4,0,21058.0,21.85,0.429,0,8.0,250,33.278,2,3,2,4,327.26,24.08,30.10496,3.2174399999999994,8.052,11.896,5.949559999999999,74.584,0.748,11.328,35.1548,3.124,80.10556,48.468,151.5,0.624,0.34,43.112,566.204,4,3,3973.264,2,102.74743999999998,39.8,51.1794,193.72684,5.96652,8.632,3.368,4.152,0.16,5,707.208,3,0
422,72391.0,1,12.0,3,4,23063.0,18.52,0.281,0,11.0,250,33.278,2,3,2,4,327.26,24.08,30.10496,3.2174399999999994,8.052,11.896,5.949559999999999,74.584,0.748,11.328,35.1548,3.124,80.10556,48.468,151.5,0.624,0.34,43.112,566.204,4,3,3973.264,2,102.74743999999998,39.8,51.1794,193.72684,5.96652,8.632,3.368,4.152,0.16,5,707.208,3,0
14,20953.0,2,11.0,4,2,7318.0,16.07,0.155,0,1.0,250,33.278,2,3,2,4,327.26,24.08,30.10496,3.2174399999999994,8.052,11.896,5.949559999999999,74.584,0.748,11.328,35.1548,3.124,80.10556,48.468,151.5,0.624,0.34,43.112,566.204,4,3,3973.264,2,102.74743999999998,39.8,51.1794,193.72684,5.96652,8.632,3.368,4.152,0.16,5,707.208,3,1
656,50580.296,3,19.958,5,7,21068.998,15.33908,0.325986,1,16.026,239,45.0,1,3,2,4,327.26,24.08,30.10496,3.2174399999999994,8.052,11.896,5.949559999999999,74.584,0.748,11.328,35.1548,3.124,80.10556,48.468,151.5,0.624,0.34,43.112,566.204,1,2,4909.0,0,142.03,54.38,98.36,294.77,6.0,12.0,0.0,0.0,0.0,4,815.0,1,0
430,37068.0,2,28.0,0,1,3800.0,17.37,0.488,0,21.0,250,33.278,2,3,2,4,327.26,24.08,30.10496,3.2174399999999994,8.052,11.896,5.949559999999999,74.584,0.748,11.328,35.1548,3.124,80.10556,48.468,151.5,0.624,0.34,43.112,566.204,4,3,3973.264,2,102.74743999999998,39.8,51.1794,193.72684,5.96652,8.632,3.368,4.152,0.16,5,707.208,3,0
294,58034.0,2,15.0,2,2,20149.0,17.64,0.46,0,22.0,250,33.278,2,3,2,4,327.26,24.08,30.10496,3.2174399999999994,8.052,11.896,5.949559999999999,74.584,0.748,11.328,35.1548,3.124,80.10556,48.468,151.5,0.624,0.34,43.112,566.204,4,3,3973.264,2,102.74743999999998,39.8,51.1794,193.72684,5.96652,8.632,3.368,4.152,0.16,5,707.208,3,0
173,19612.0,1,36.0,4,2,37081.0,5.27,0.237,0,13.0,250,33.278,2,3,2,4,327.26,24.08,30.10496,3.2174399999999994,8.052,11.896,5.949559999999999,74.584,0.748,11.328,35.1548,3.124,80.10556,48.468,151.5,0.624,0.34,43.112,566.204,4,3,3973.264,2,102.74743999999998,39.8,51.1794,193.72684,5.96652,8.632,3.368,4.152,0.16,5,707.208,3,0
178,65492.0,0,31.0,4,0,35464.0,12.7,0.29,2,23.0,250,33.278,2,3,2,4,327.26,24.08,30.10496,3.2174399999999994,8.052,11.896,5.949559999999999,74.584,0.748,11.328,35.1548,3.124,80.10556,48.468,151.5,0.624,0.34,43.112,566.204,4,3,3973.264,2,102.74743999999998,39.8,51.1794,193.72684,5.96652,8.632,3.368,4.152,0.16,5,707.208,3,0
698,50580.296,3,19.958,5,7,21068.998,15.33908,0.325986,1,16.026,52,26.0,1,3,2,4,327.26,24.08,30.10496,3.2174399999999994,8.052,11.896,5.949559999999999,74.584,0.748,11.328,35.1548,3.124,80.10556,48.468,151.5,0.624,0.34,43.112,566.204,0,2,3903.0,1,278.0,56.3,23.28,357.58,9.16,12.0,0.0,0.0,0.0,4,850.0,1,0
837,50580.296,3,19.958,5,7,21068.998,15.33908,0.325986,1,16.026,428,31.0,0,1,1,1,305.0,22.0,20.66,1.9,8.0,10.0,11.37,69.0,0.0,0.0,0.0,5.0,36.18,35.0,148.0,1.0,0.0,31.0,464.0,4,3,3973.264,2,102.74743999999998,39.8,51.1794,193.72684,5.96652,8.632,3.368,4.152,0.16,5,707.208,3,0
439,80462.0,1,1.0,4,2,21583.0,15.08,0.092,0,5.0,250,33.278,2,3,2,4,327.26,24.08,30.10496,3.2174399999999994,8.052,11.896,5.949559999999999,74.584,0.748,11.328,35.1548,3.124,80.10556,48.468,151.5,0.624,0.34,43.112,566.204,4,3,3973.264,2,102.74743999999998,39.8,51.1794,193.72684,5.96652,8.632,3.368,4.152,0.16,5,707.208,3,0
830,50580.296,3,19.958,5,7,21068.998,15.33908,0.325986,1,16.026,421,30.0,0,2,0,0,447.0,25.0,67.75,4.42,11.0,16.0,11.28,64.0,1.0,14.0,50.5,5.0,28.81,23.0,136.0,0.0,1.0,35.0,657.0,4,3,3973.264,2,102.74743999999998,39.8,51.1794,193.72684,5.96652,8.632,3.368,4.152,0.16,5,707.208,3,0
309,53666.0,1,29.0,3,0,26792.0,12.73,0.367,0,7.0,250,33.278,2,3,2,4,327.26,24.08,30.10496,3.2174399999999994,8.052,11.896,5.949559999999999,74.584,0.748,11.328,35.1548,3.124,80.10556,48.468,151.5,0.624,0.34,43.112,566.204,4,3,3973.264,2,102.74743999999998,39.8,51.1794,193.72684,5.96652,8.632,3.368,4.152,0.16,5,707.208,3,0
919,50580.296,3,19.958,5,7,21068.998,15.33908,0.325986,1,16.026,277,33.0,0,1,0,0,235.0,25.0,23.08,1.53,8.0,14.0,3.64,66.0,1.0,15.0,25.42,2.0,112.73,28.0,163.0,1.0,0.0,49.0,549.0,4,3,3973.264,2,102.74743999999998,39.8,51.1794,193.72684,5.96652,8.632,3.368,4.152,0.16,5,707.208,3,0
745,50580.296,3,19.958,5,7,21068.998,15.33908,0.325986,1,16.026,95,18.0,1,3,2,4,327.26,24.08,30.10496,3.2174399999999994,8.052,11.896,5.949559999999999,74.584,0.748,11.328,35.1548,3.124,80.10556,48.468,151.5,0.624,0.34,43.112,566.204,1,1,2250.0,1,115.12,74.41,44.82,234.35,10.42,8.0,4.0,10.0,1.0,0,621.0,2,0
43,43558.0,0,37.0,0,4,10083.0,9.41,0.331,0,25.0,250,33.278,2,3,2,4,327.26,24.08,30.10496,3.2174399999999994,8.052,11.896,5.949559999999999,74.584,0.748,11.328,35.1548,3.124,80.10556,48.468,151.5,0.624,0.34,43.112,566.204,4,3,3973.264,2,102.74743999999998,39.8,51.1794,193.72684,5.96652,8.632,3.368,4.152,0.16,5,707.208,3,0
285,29949.0,2,24.0,3,0,21208.0,12.39,0.065,0,27.0,250,33.278,2,3,2,4,327.26,24.08,30.10496,3.2174399999999994,8.052,11.896,5.949559999999999,74.584,0.748,11.328,35.1548,3.124,80.10556,48.468,151.5,0.624,0.34,43.112,566.204,4,3,3973.264,2,102.74743999999998,39.8,51.1794,193.72684,5.96652,8.632,3.368,4.152,0.16,5,707.208,3,0
296,41975.0,0,20.0,4,0,11195.0,7.07,0.543,0,3.0,250,33.278,2,3,2,4,327.26,24.08,30.10496,3.2174399999999994,8.052,11.896,5.949559999999999,74.584,0.748,11.328,35.1548,3.124,80.10556,48.468,151.5,0.624,0.34,43.112,566.204,4,3,3973.264,2,102.74743999999998,39.8,51.1794,193.72684,5.96652,8.632,3.368,4.152,0.16,5,707.208,3,0
604,50580.296,3,19.958,5,7,21068.998,15.33908,0.325986,1,16.026,192,37.0,1,3,2,4,327.26,24.08,30.10496,3.2174399999999994,8.052,11.896,5.949559999999999,74.584,0.748,11.328,35.1548,3.124,80.10556,48.468,151.5,0.624,0.34,43.112,566.204,2,1,2810.0,3,47.18,29.68,118.55,195.41,6.95,11.0,1.0,1.0,0.0,4,819.0,1,0
917,50580.296,3,19.958,5,7,21068.998,15.33908,0.325986,1,16.026,500,33.0,0,1,3,0,445.0,25.0,16.46,6.86,8.0,13.0,13.6,85.0,1.0,13.0,60.42,0.0,114.16,57.0,149.0,1.0,0.0,51.0,737.0,4,3,3973.264,2,102.74743999999998,39.8,51.1794,193.72684,5.96652,8.632,3.368,4.152,0.16,5,707.208,3,0
610,50580.296,3,19.958,5,7,21068.998,15.33908,0.325986,1,16.026,198,35.0,0,3,2,4,327.26,24.08,30.10496,3.2174399999999994,8.052,11.896,5.949559999999999,74.584,0.748,11.328,35.1548,3.124,80.10556,48.468,151.5,0.624,0.34,43.112,566.204,2,1,3719.0,1,198.77,2.15,8.87,209.79,5.64,10.0,2.0,12.0,0.0,4,796.0,1,0
727,50580.296,3,19.958,5,7,21068.998,15.33908,0.325986,1,16.026,79,18.0,0,3,2,4,327.26,24.08,30.10496,3.2174399999999994,8.052,11.896,5.949559999999999,74.584,0.748,11.328,35.1548,3.124,80.10556,48.468,151.5,0.624,0.34,43.112,566.204,0,2,4848.0,1,21.97,32.33,70.7,125.0,2.58,10.0,2.0,2.0,0.0,0,850.0,1,0
814,50580.296,3,19.958,5,7,21068.998,15.33908,0.325986,1,16.026,407,49.0,0,0,0,1,150.0,28.0,17.29,11.11,3.0,8.0,1.32,64.0,1.0,11.0,41.12,4.0,38.45,64.0,149.0,1.0,1.0,56.0,432.0,4,3,3973.264,2,102.74743999999998,39.8,51.1794,193.72684,5.96652,8.632,3.368,4.152,0.16,5,707.208,3,0
111,27140.0,1,8.0,0,2,31116.0,14.99,0.421,0,4.0,250,33.278,2,3,2,4,327.26,24.08,30.10496,3.2174399999999994,8.052,11.896,5.949559999999999,74.584,0.748,11.328,35.1548,3.124,80.10556,48.468,151.5,0.624,0.34,43.112,566.204,4,3,3973.264,2,102.74743999999998,39.8,51.1794,193.72684,5.96652,8.632,3.368,4.152,0.16,5,707.208,3,1
128,63027.0,2,3.0,4,0,24303.0,10.62,0.488,0,3.0,250,33.278,2,3,2,4,327.26,24.08,30.10496,3.2174399999999994,8.052,11.896,5.949559999999999,74.584,0.748,11.328,35.1548,3.124,80.10556,48.468,151.5,0.624,0.34,43.112,566.204,4,3,3973.264,2,102.74743999999998,39.8,51.1794,193.72684,5.96652,8.632,3.368,4.152,0.16,5,707.208,3,0
344,52405.0,2,40.0,2,1,15270.0,15.67,0.545,0,24.0,250,33.278,2,3,2,4,327.26,24.08,30.10496,3.2174399999999994,8.052,11.896,5.949559999999999,74.584,0.748,11.328,35.1548,3.124,80.10556,48.468,151.5,0.624,0.34,43.112,566.204,4,3,3973.264,2,102.74743999999998,39.8,51.1794,193.72684,5.96652,8.632,3.368,4.152,0.16,5,707.208,3,0
260,51516.0,0,36.0,4,1,20710.0,17.96,0.092,2,19.0,250,33.278,2,3,2,4,327.26,24.08,30.10496,3.2174399999999994,8.052,11.896,5.949559999999999,74.584,0.748,11.328,35.1548,3.124,80.10556,48.468,151.5,0.624,0.34,43.112,566.204,4,3,3973.264,2,102.74743999999998,39.8,51.1794,193.72684,5.96652,8.632,3.368,4.152,0.16,5,707.208,3,0
122,60300.0,2,19.0,3,4,7155.0,16.8,0.394,0,14.0,250,33.278,2,3,2,4,327.26,24.08,30.10496,3.2174399999999994,8.052,11.896,5.949559999999999,74.584,0.748,11.328,35.1548,3.124,80.10556,48.468,151.5,0.624,0.34,43.112,566.204,4,3,3973.264,2,102.74743999999998,39.8,51.1794,193.72684,5.96652,8.632,3.368,4.152,0.16,5,707.208,3,1
767,50580.296,3,19.958,5,7,21068.998,15.33908,0.325986,1,16.026,364,29.0,1,2,0,1,399.0,22.0,60.06,4.01,1.0,12.0,3.5,97.0,1.0,17.0,43.9,6.0,191.51,62.0,140.0,0.0,0.0,46.0,680.0,4,3,3973.264,2,102.74743999999998,39.8,51.1794,193.72684,5.96652,8.632,3.368,4.152,0.16,5,707.208,3,0
476,51835.0,2,40.0,1,2,38713.0,17.02,0.397,2,13.0,250,33.278,2,3,2,4,327.26,24.08,30.10496,3.2174399999999994,8.052,11.896,5.949559999999999,74.584,0.748,11.328,35.1548,3.124,80.10556,48.468,151.5,0.624,0.34,43.112,566.204,4,3,3973.264,2,102.74743999999998,39.8,51.1794,193.72684,5.96652,8.632,3.368,4.152,0.16,5,707.208,3,0
